               epoch,      train/box_loss,      train/obj_loss,      train/cls_loss,   metrics/precision,      metrics/recall,     metrics/mAP_0.5,metrics/mAP_0.5:0.95,        val/box_loss,        val/obj_loss,        val/cls_loss,               x/lr0,               x/lr1,               x/lr2
                   0,             0.11103,            0.024165,            0.061244,               0.306,             0.29227,            0.052695,            0.016264,             0.10567,            0.020828,            0.040724,              0.0748,              0.0028,              0.0028
                   1,            0.084573,            0.024085,            0.037777,             0.17601,             0.49225,              0.2354,            0.092686,            0.087343,            0.013174,            0.028745,            0.048691,           0.0056906,           0.0056906
                   2,            0.075867,            0.020773,            0.030742,             0.55105,             0.52213,             0.35111,             0.13014,             0.08342,            0.011891,            0.022467,            0.022572,           0.0085716,           0.0085716
                   3,            0.069649,            0.019456,             0.02529,             0.58624,             0.58058,             0.43752,             0.13951,            0.071715,            0.012529,            0.019522,           0.0099505,           0.0099505,           0.0099505
                   4,            0.059337,            0.018709,            0.021042,             0.64219,             0.58346,             0.54323,             0.19211,            0.067779,            0.013241,             0.01745,           0.0099505,           0.0099505,           0.0099505
                   5,            0.053808,            0.017947,            0.018364,             0.73773,             0.79383,             0.76963,             0.34817,             0.05717,            0.011354,            0.015418,            0.009934,            0.009934,            0.009934
                   6,            0.051051,            0.017002,            0.016845,             0.71766,             0.79918,             0.76821,             0.39526,            0.050969,            0.011556,            0.016452,           0.0099175,           0.0099175,           0.0099175
                   7,            0.048844,            0.017227,            0.015897,             0.66797,             0.71272,             0.63306,             0.25299,            0.061063,             0.01108,            0.015508,            0.009901,            0.009901,            0.009901
                   8,            0.046417,            0.016759,            0.015297,             0.86169,             0.82731,             0.84299,             0.38624,             0.04761,            0.010177,            0.015301,           0.0098845,           0.0098845,           0.0098845
                   9,            0.045018,            0.016235,            0.014852,             0.68807,             0.80706,             0.75944,             0.32864,            0.055571,            0.010989,            0.015665,            0.009868,            0.009868,            0.009868
                  10,             0.04403,            0.016131,             0.01433,             0.78964,             0.78645,             0.76798,             0.33617,            0.051616,            0.010857,            0.014528,           0.0098515,           0.0098515,           0.0098515
                  11,            0.043073,            0.016118,            0.014245,             0.88699,             0.84541,             0.88391,             0.43794,             0.04324,            0.010611,             0.01468,            0.009835,            0.009835,            0.009835
                  12,            0.042073,            0.015934,            0.013657,              0.7584,             0.83435,             0.79963,             0.42652,            0.044063,            0.010798,            0.016613,           0.0098185,           0.0098185,           0.0098185
                  13,            0.041876,            0.016068,            0.012993,             0.85438,             0.83707,             0.85561,             0.39896,            0.042819,            0.010351,            0.013841,            0.009802,            0.009802,            0.009802
                  14,             0.04041,            0.015674,            0.013039,             0.80906,             0.80468,             0.84773,             0.47702,            0.041841,            0.010112,            0.015056,           0.0097855,           0.0097855,           0.0097855
                  15,             0.04035,            0.015621,            0.012878,             0.86081,             0.81263,              0.8733,             0.43381,            0.043055,            0.010526,            0.015941,            0.009769,            0.009769,            0.009769
                  16,            0.040937,            0.016098,            0.012752,             0.85671,             0.85404,             0.86091,             0.42164,              0.0463,            0.010365,            0.013112,           0.0097525,           0.0097525,           0.0097525
                  17,            0.039222,            0.015548,            0.012178,             0.89445,             0.87979,             0.88317,             0.50695,            0.039143,           0.0098394,            0.012899,            0.009736,            0.009736,            0.009736
                  18,            0.038977,            0.015436,             0.01212,             0.85454,             0.86634,             0.87926,             0.49713,            0.040322,            0.010298,            0.013729,           0.0097195,           0.0097195,           0.0097195
                  19,            0.038306,            0.015355,            0.012236,             0.89011,             0.83924,             0.87593,             0.53081,            0.038335,            0.010138,            0.014725,            0.009703,            0.009703,            0.009703
                  20,            0.037947,            0.015486,            0.011988,             0.88131,             0.87093,             0.89216,             0.52549,            0.038202,           0.0098527,            0.012584,           0.0096865,           0.0096865,           0.0096865
                  21,            0.037499,            0.015404,            0.011583,             0.86249,             0.87542,             0.87794,             0.51339,            0.038791,           0.0097456,            0.012878,             0.00967,             0.00967,             0.00967
                  22,            0.038044,            0.015233,            0.011491,             0.87829,              0.8757,             0.88824,             0.56456,            0.037178,           0.0099141,            0.013627,           0.0096535,           0.0096535,           0.0096535
                  23,            0.036875,            0.015115,            0.011056,             0.86995,             0.89156,              0.8949,              0.4811,            0.039305,           0.0099039,            0.013852,            0.009637,            0.009637,            0.009637
                  24,            0.036757,            0.015139,            0.011447,              0.8919,             0.86956,             0.89709,             0.56369,            0.036262,           0.0099128,            0.012377,           0.0096205,           0.0096205,           0.0096205
                  25,            0.036036,            0.014982,            0.010842,             0.87164,              0.8595,             0.88815,             0.51479,            0.036934,           0.0096906,            0.013549,            0.009604,            0.009604,            0.009604
                  26,            0.037379,            0.015362,            0.011734,             0.87871,             0.86464,             0.88504,             0.51298,            0.039736,           0.0097758,            0.012837,           0.0095875,           0.0095875,           0.0095875
                  27,            0.035668,            0.014687,            0.010828,             0.88552,             0.88376,             0.89041,             0.52499,            0.037429,           0.0097952,             0.01351,            0.009571,            0.009571,            0.009571
                  28,            0.036426,            0.015052,            0.010396,             0.88929,             0.87566,             0.88435,             0.51397,            0.037068,           0.0098155,            0.012818,           0.0095545,           0.0095545,           0.0095545
                  29,            0.035655,            0.014726,            0.010803,             0.87222,             0.87273,             0.87416,             0.52782,            0.036182,           0.0097459,            0.012828,            0.009538,            0.009538,            0.009538
                  30,             0.03529,            0.014828,            0.011068,             0.89355,             0.86403,             0.89081,             0.53934,             0.03674,           0.0098209,            0.013018,           0.0095215,           0.0095215,           0.0095215
                  31,            0.035173,            0.014955,            0.010681,             0.88789,             0.89398,              0.8983,             0.56405,            0.034816,           0.0098483,            0.011458,            0.009505,            0.009505,            0.009505
                  32,            0.034979,            0.014453,            0.010137,             0.91154,             0.86616,             0.89017,             0.55494,            0.034638,           0.0097685,             0.01246,           0.0094885,           0.0094885,           0.0094885
                  33,            0.034896,            0.014524,            0.010383,             0.90827,             0.87005,             0.89906,             0.54521,            0.036547,           0.0097278,            0.012417,            0.009472,            0.009472,            0.009472
                  34,            0.035543,              0.0146,            0.010352,             0.87276,             0.88069,             0.90145,             0.56791,             0.03487,            0.009936,            0.012285,           0.0094555,           0.0094555,           0.0094555
                  35,            0.034686,            0.014913,            0.010303,             0.91708,             0.88707,             0.90057,             0.53205,            0.036084,           0.0097097,            0.011466,            0.009439,            0.009439,            0.009439
                  36,            0.033747,            0.014718,             0.01002,             0.89142,             0.90274,             0.90981,             0.58142,            0.034277,           0.0095984,            0.011288,           0.0094225,           0.0094225,           0.0094225
                  37,            0.034931,            0.014569,           0.0096401,             0.89316,             0.89801,             0.90343,             0.51054,            0.039163,           0.0096172,            0.011939,            0.009406,            0.009406,            0.009406
                  38,             0.03451,            0.014661,           0.0099824,             0.87717,             0.88714,             0.89343,             0.54458,            0.035674,           0.0096553,            0.013767,           0.0093895,           0.0093895,           0.0093895
                  39,            0.034523,            0.014543,            0.010461,             0.85819,             0.87622,             0.89236,             0.53216,            0.034948,           0.0096919,            0.012519,            0.009373,            0.009373,            0.009373
                  40,            0.033531,             0.01469,            0.010131,             0.90148,             0.87003,             0.89832,             0.56569,            0.034633,           0.0096779,            0.011213,           0.0093565,           0.0093565,           0.0093565
                  41,            0.034019,            0.014584,           0.0098224,             0.90114,             0.88588,             0.90899,             0.58132,            0.034113,           0.0094913,            0.011708,             0.00934,             0.00934,             0.00934
                  42,            0.034084,            0.014525,           0.0095444,             0.89864,             0.88034,             0.89851,             0.54475,            0.036517,           0.0098254,            0.011979,           0.0093235,           0.0093235,           0.0093235
                  43,            0.033578,            0.014164,           0.0098817,             0.87913,             0.88787,             0.88701,             0.53446,            0.035288,           0.0095936,            0.012483,            0.009307,            0.009307,            0.009307
                  44,            0.033947,            0.014283,           0.0096838,             0.90952,             0.87424,             0.89467,             0.57237,            0.033602,           0.0095736,            0.011904,           0.0092905,           0.0092905,           0.0092905
                  45,            0.033969,            0.014506,           0.0097728,             0.90077,             0.87711,             0.89052,             0.56208,            0.035324,            0.009662,            0.012512,            0.009274,            0.009274,            0.009274
                  46,            0.033736,            0.014685,           0.0096641,              0.8971,             0.88375,             0.90638,             0.58012,            0.033535,           0.0094388,            0.012063,           0.0092575,           0.0092575,           0.0092575
                  47,            0.033806,             0.01414,           0.0094398,             0.85035,             0.91682,             0.89921,             0.57052,            0.033883,           0.0096083,            0.013855,            0.009241,            0.009241,            0.009241
                  48,             0.03364,            0.013996,           0.0098283,               0.899,             0.90333,             0.90857,             0.56835,            0.034516,           0.0094786,            0.010271,           0.0092245,           0.0092245,           0.0092245
                  49,            0.033611,            0.014553,           0.0099247,             0.90162,             0.90149,             0.91003,             0.58446,            0.033197,             0.00962,            0.010949,            0.009208,            0.009208,            0.009208
                  50,            0.032675,             0.01418,           0.0096571,             0.89756,             0.89933,             0.90484,             0.58312,            0.033862,           0.0094887,            0.011393,           0.0091915,           0.0091915,           0.0091915
                  51,            0.033121,            0.014478,           0.0095043,             0.89896,             0.89342,             0.91386,             0.57196,            0.033361,           0.0095444,            0.011069,            0.009175,            0.009175,            0.009175
                  52,            0.033405,            0.014394,           0.0092793,             0.89102,             0.90063,             0.91148,             0.59233,            0.033071,           0.0094086,            0.011103,           0.0091585,           0.0091585,           0.0091585
                  53,            0.033271,            0.014378,           0.0095211,             0.89691,             0.86684,             0.89405,             0.56853,            0.033463,           0.0097777,            0.012297,            0.009142,            0.009142,            0.009142
                  54,            0.033001,            0.014426,           0.0093583,             0.91588,             0.88988,             0.90962,             0.59578,            0.032296,           0.0093301,            0.010603,           0.0091255,           0.0091255,           0.0091255
                  55,            0.032739,             0.01422,            0.009446,             0.89245,             0.90641,             0.90951,             0.58992,            0.033138,           0.0095301,            0.010791,            0.009109,            0.009109,            0.009109
                  56,            0.032769,            0.014295,           0.0093302,             0.89031,             0.89148,             0.89199,             0.56633,            0.033137,           0.0095256,            0.012331,           0.0090925,           0.0090925,           0.0090925
                  57,            0.033349,            0.014381,           0.0093896,             0.91212,             0.87402,             0.91076,             0.58807,            0.033189,           0.0095317,            0.011695,            0.009076,            0.009076,            0.009076
                  58,            0.032889,            0.014224,           0.0091787,             0.86804,             0.88588,             0.89112,             0.58723,            0.032599,           0.0094948,            0.014246,           0.0090595,           0.0090595,           0.0090595
                  59,            0.033017,            0.014338,           0.0093112,             0.87672,             0.89517,             0.90582,             0.58231,            0.033091,            0.009414,            0.012119,            0.009043,            0.009043,            0.009043
                  60,            0.032392,            0.014322,           0.0093696,             0.91329,             0.88761,             0.91869,             0.59153,            0.032939,           0.0093123,            0.010632,           0.0090265,           0.0090265,           0.0090265
                  61,             0.03276,            0.014836,           0.0094759,             0.87984,             0.89781,             0.91194,             0.57171,            0.034509,           0.0096502,            0.011857,             0.00901,             0.00901,             0.00901
                  62,            0.032073,            0.014222,            0.008962,             0.86697,             0.90853,             0.90017,              0.5934,            0.032354,           0.0094722,             0.01094,           0.0089935,           0.0089935,           0.0089935
                  63,            0.032562,            0.014259,           0.0095916,             0.88323,             0.91588,             0.91215,             0.57092,            0.033333,           0.0094646,            0.010395,            0.008977,            0.008977,            0.008977
                  64,            0.032729,            0.014208,           0.0090593,             0.90436,             0.87874,             0.90601,             0.58489,            0.032523,           0.0094461,            0.010997,           0.0089605,           0.0089605,           0.0089605
                  65,            0.032377,            0.014112,            0.008542,             0.88987,              0.8868,             0.89871,             0.57558,            0.033879,           0.0096846,            0.011128,            0.008944,            0.008944,            0.008944
                  66,             0.03238,             0.01419,           0.0086102,             0.88968,             0.89774,             0.90871,             0.59939,            0.032944,           0.0096207,            0.010749,           0.0089275,           0.0089275,           0.0089275
                  67,            0.032027,            0.013903,           0.0090434,             0.92045,             0.89665,             0.91211,             0.59174,            0.033476,           0.0095784,            0.010713,            0.008911,            0.008911,            0.008911
                  68,            0.032246,            0.014122,           0.0088887,             0.91488,             0.89764,             0.91652,             0.60576,            0.032066,           0.0094706,            0.010265,           0.0088945,           0.0088945,           0.0088945
                  69,            0.032321,             0.01374,           0.0092561,             0.92116,             0.89529,             0.91826,             0.59256,            0.032441,           0.0095479,           0.0094223,            0.008878,            0.008878,            0.008878
                  70,            0.032147,            0.014275,           0.0088603,             0.92151,             0.88392,             0.91307,             0.60202,            0.032232,            0.009339,            0.010576,           0.0088615,           0.0088615,           0.0088615
                  71,            0.032084,            0.013837,           0.0087966,             0.88517,             0.91714,             0.91998,             0.58303,            0.034346,           0.0095628,           0.0097312,            0.008845,            0.008845,            0.008845
                  72,            0.032248,            0.014051,            0.009165,             0.91438,             0.89532,             0.90829,             0.61187,            0.031934,            0.009415,            0.010362,           0.0088285,           0.0088285,           0.0088285
                  73,            0.031771,            0.014211,           0.0087871,             0.90022,             0.87548,             0.90873,             0.59177,            0.033226,           0.0096385,            0.010924,            0.008812,            0.008812,            0.008812
                  74,              0.0317,            0.014011,           0.0088396,             0.88776,             0.91419,             0.92263,             0.61939,            0.031653,           0.0094322,            0.011567,           0.0087955,           0.0087955,           0.0087955
                  75,            0.031665,            0.014032,           0.0086426,             0.89731,             0.91656,             0.92482,             0.59515,            0.032585,           0.0094398,            0.010165,            0.008779,            0.008779,            0.008779
                  76,             0.03172,            0.014013,           0.0083852,             0.89815,             0.90146,             0.92243,             0.59399,            0.032571,           0.0094709,            0.010978,           0.0087625,           0.0087625,           0.0087625
                  77,            0.032075,            0.013769,           0.0084215,             0.91172,             0.90195,             0.91524,             0.61013,            0.031816,           0.0092192,            0.010274,            0.008746,            0.008746,            0.008746
                  78,            0.031316,            0.013835,           0.0087786,              0.9136,             0.89739,             0.91162,             0.60078,            0.031739,           0.0094385,           0.0099559,           0.0087295,           0.0087295,           0.0087295
                  79,            0.031698,            0.013997,           0.0085764,              0.9095,             0.89179,             0.91488,             0.60183,            0.032228,           0.0093021,            0.010787,            0.008713,            0.008713,            0.008713
                  80,             0.03135,            0.013852,           0.0086492,             0.91015,             0.88794,             0.91229,             0.61497,            0.031321,           0.0092627,            0.010644,           0.0086965,           0.0086965,           0.0086965
                  81,            0.031527,            0.013766,           0.0085075,             0.92156,             0.88734,             0.92353,             0.61179,             0.03204,           0.0094735,            0.010511,             0.00868,             0.00868,             0.00868
                  82,            0.032218,            0.013896,           0.0084627,             0.89355,             0.91225,             0.91074,              0.5985,            0.032429,           0.0093218,            0.010379,           0.0086635,           0.0086635,           0.0086635
                  83,            0.031088,            0.013647,           0.0088507,             0.90822,             0.88636,             0.90407,             0.60915,            0.032274,           0.0092665,            0.010752,            0.008647,            0.008647,            0.008647
                  84,            0.031429,            0.013628,           0.0082406,             0.92082,             0.87328,             0.90217,             0.60796,            0.031325,           0.0093851,            0.010753,           0.0086305,           0.0086305,           0.0086305
                  85,            0.031357,            0.013826,           0.0084417,              0.9099,             0.88123,             0.90613,             0.60942,            0.031523,           0.0094646,            0.011772,            0.008614,            0.008614,            0.008614
                  86,            0.031554,            0.014265,           0.0085591,             0.89897,              0.8813,             0.90613,             0.60565,            0.031301,           0.0094585,            0.010779,           0.0085975,           0.0085975,           0.0085975
                  87,            0.031519,            0.013766,           0.0084019,             0.87648,             0.89775,             0.91504,             0.61032,            0.031316,           0.0092519,            0.010918,            0.008581,            0.008581,            0.008581
                  88,            0.031286,            0.013788,           0.0082993,             0.90326,             0.90196,             0.91762,             0.59676,            0.032672,           0.0094159,            0.010239,           0.0085645,           0.0085645,           0.0085645
                  89,            0.031659,            0.013953,            0.008445,             0.89384,              0.9009,             0.92422,              0.6123,            0.031836,           0.0092417,           0.0095972,            0.008548,            0.008548,            0.008548
                  90,            0.031075,            0.013984,           0.0081965,             0.90413,             0.90279,             0.92153,             0.60401,            0.031743,           0.0094891,            0.010277,           0.0085315,           0.0085315,           0.0085315
                  91,            0.030837,            0.013743,           0.0089929,             0.88912,             0.88274,             0.92346,             0.61032,             0.03168,           0.0095272,            0.010803,            0.008515,            0.008515,            0.008515
                  92,            0.030872,            0.013889,           0.0087542,             0.87332,             0.91276,             0.91028,             0.60097,            0.031628,           0.0094554,             0.01322,           0.0084985,           0.0084985,           0.0084985
                  93,            0.031433,            0.013822,           0.0080992,             0.89993,              0.9207,             0.92946,             0.62031,            0.031558,           0.0093327,           0.0093423,            0.008482,            0.008482,            0.008482
                  94,            0.031307,            0.013709,           0.0083676,              0.9187,             0.89275,             0.91774,              0.6102,            0.031669,           0.0094198,            0.010128,           0.0084655,           0.0084655,           0.0084655
                  95,            0.031177,             0.01431,           0.0081238,             0.89668,             0.90291,              0.9133,             0.61131,            0.031774,           0.0093218,             0.01087,            0.008449,            0.008449,            0.008449
                  96,            0.031185,            0.013847,           0.0080314,             0.86563,             0.90441,             0.90937,             0.61127,            0.031456,           0.0093791,            0.012869,           0.0084325,           0.0084325,           0.0084325
                  97,            0.031012,            0.013892,           0.0084082,              0.8888,             0.89501,             0.92172,             0.61927,            0.031349,           0.0093543,            0.010552,            0.008416,            0.008416,            0.008416
                  98,            0.031142,            0.013843,           0.0091586,             0.90278,             0.89087,             0.92421,             0.62256,            0.031499,           0.0093857,            0.011124,           0.0083995,           0.0083995,           0.0083995
                  99,            0.030862,            0.013509,           0.0083398,             0.91403,             0.90277,             0.92198,             0.61051,            0.031882,           0.0094306,           0.0099695,            0.008383,            0.008383,            0.008383
                 100,             0.03111,            0.013718,            0.008388,             0.90773,             0.86686,             0.90378,             0.60847,            0.031898,           0.0096668,            0.012585,           0.0083665,           0.0083665,           0.0083665
                 101,            0.030688,            0.013728,           0.0088393,             0.88265,             0.91811,             0.91833,             0.61086,            0.031659,           0.0093616,            0.010349,             0.00835,             0.00835,             0.00835
                 102,            0.031126,            0.013539,           0.0083222,             0.90365,             0.88921,             0.90384,             0.61162,            0.031603,           0.0092942,              0.0112,           0.0083335,           0.0083335,           0.0083335
                 103,            0.030764,            0.013791,           0.0082751,             0.90846,             0.89656,             0.90114,             0.60983,             0.03106,           0.0093199,            0.011877,            0.008317,            0.008317,            0.008317
                 104,            0.031356,            0.014423,           0.0077636,             0.91194,             0.88561,             0.91812,             0.62601,            0.030892,           0.0092087,            0.011805,           0.0083005,           0.0083005,           0.0083005
                 105,            0.030915,            0.013684,           0.0080687,             0.88679,             0.89795,             0.91372,              0.6118,            0.031647,           0.0093333,            0.010984,            0.008284,            0.008284,            0.008284
                 106,            0.031187,            0.013909,           0.0083832,             0.92188,             0.87645,             0.91257,             0.61386,             0.03125,           0.0093657,            0.011031,           0.0082675,           0.0082675,           0.0082675
                 107,            0.030977,            0.014007,           0.0082794,             0.91436,             0.88634,             0.91409,             0.61572,            0.031179,           0.0092837,            0.010962,            0.008251,            0.008251,            0.008251
                 108,            0.030982,            0.013773,           0.0079224,             0.89887,             0.88529,             0.90698,             0.61056,             0.03115,             0.00927,            0.011677,           0.0082345,           0.0082345,           0.0082345
                 109,            0.030554,            0.013837,           0.0080229,             0.89921,             0.90143,              0.9154,             0.61776,             0.03095,           0.0094055,            0.010457,            0.008218,            0.008218,            0.008218
                 110,             0.03059,            0.013968,           0.0084903,             0.90106,             0.91673,             0.92724,              0.6177,            0.031785,           0.0093393,           0.0097639,           0.0082015,           0.0082015,           0.0082015
                 111,            0.030977,            0.013648,           0.0079456,             0.92446,             0.90642,             0.91705,             0.61701,            0.031112,           0.0093835,            0.010725,            0.008185,            0.008185,            0.008185
                 112,            0.030115,            0.013872,           0.0081079,             0.92484,             0.90147,             0.92802,             0.62516,            0.031007,           0.0092278,           0.0097663,           0.0081685,           0.0081685,           0.0081685
                 113,            0.030427,            0.013523,           0.0079434,             0.91005,              0.8949,             0.92571,             0.62922,            0.030774,           0.0091661,           0.0099689,            0.008152,            0.008152,            0.008152
                 114,            0.030657,            0.014041,           0.0076331,             0.90643,              0.8997,             0.91475,             0.61211,            0.031027,           0.0092837,            0.010222,           0.0081355,           0.0081355,           0.0081355
                 115,            0.030536,            0.013802,            0.008183,             0.90359,             0.89331,             0.90947,             0.61406,            0.030727,           0.0092481,            0.010512,            0.008119,            0.008119,            0.008119
                 116,            0.030774,             0.01379,           0.0083151,             0.89101,              0.8931,             0.91719,             0.59585,            0.031886,           0.0094229,            0.011177,           0.0081025,           0.0081025,           0.0081025
                 117,             0.03059,             0.01368,           0.0078611,             0.90115,             0.90042,             0.91699,              0.6183,            0.031199,           0.0094064,            0.010108,            0.008086,            0.008086,            0.008086
                 118,            0.030578,            0.013732,           0.0079176,             0.92246,             0.88192,             0.90172,              0.6092,            0.031998,           0.0093079,            0.011055,           0.0080695,           0.0080695,           0.0080695
                 119,            0.031224,            0.013938,           0.0078186,              0.9119,             0.88262,             0.90485,             0.59888,            0.031935,           0.0094805,            0.012432,            0.008053,            0.008053,            0.008053
                 120,            0.030357,            0.013749,           0.0074913,             0.90416,             0.88623,             0.91307,             0.61831,            0.031213,            0.009257,            0.010901,           0.0080365,           0.0080365,           0.0080365
                 121,            0.030351,            0.013695,            0.007531,              0.9038,             0.89059,             0.91681,             0.61413,            0.031553,           0.0092754,            0.010758,             0.00802,             0.00802,             0.00802
                 122,            0.030111,            0.013451,           0.0076613,             0.91992,              0.8949,             0.91699,             0.62088,            0.030912,           0.0092707,            0.010081,           0.0080035,           0.0080035,           0.0080035
                 123,            0.030009,            0.013608,           0.0080952,             0.91741,              0.9007,             0.91702,             0.62126,             0.03071,           0.0093447,           0.0099218,            0.007987,            0.007987,            0.007987
                 124,             0.03122,            0.013506,           0.0079314,              0.8801,             0.89863,             0.90777,             0.61651,            0.030959,           0.0093206,            0.011603,           0.0079705,           0.0079705,           0.0079705
                 125,            0.030539,            0.013839,           0.0076916,              0.9036,             0.87232,             0.90812,              0.6204,            0.030862,           0.0092678,            0.010914,            0.007954,            0.007954,            0.007954
                 126,            0.030633,            0.013898,           0.0081779,             0.89493,              0.9184,             0.92675,             0.61915,            0.030907,           0.0093222,           0.0095029,           0.0079375,           0.0079375,           0.0079375
                 127,            0.030652,            0.013726,           0.0079946,             0.91463,             0.88998,             0.92038,             0.62009,            0.031109,           0.0093409,            0.010391,            0.007921,            0.007921,            0.007921
                 128,            0.030113,            0.013496,           0.0077596,             0.92065,             0.90416,              0.9269,             0.62629,            0.030829,           0.0092475,           0.0099907,           0.0079045,           0.0079045,           0.0079045
                 129,            0.030542,            0.013278,           0.0075661,             0.91102,             0.90426,             0.92305,             0.61471,            0.031025,           0.0092446,           0.0093776,            0.007888,            0.007888,            0.007888
                 130,            0.030215,              0.0136,           0.0076865,             0.90457,             0.90902,             0.92823,             0.62177,            0.030571,           0.0091356,           0.0096681,           0.0078715,           0.0078715,           0.0078715
                 131,            0.030405,            0.013845,           0.0079898,             0.90893,             0.90086,             0.91568,              0.6146,            0.031055,           0.0092758,            0.010812,            0.007855,            0.007855,            0.007855
                 132,            0.030546,            0.013523,           0.0079649,             0.89691,             0.89486,             0.91244,             0.61843,            0.030627,           0.0091928,            0.010607,           0.0078385,           0.0078385,           0.0078385
                 133,            0.030344,            0.013658,           0.0078161,             0.89953,             0.90163,             0.92014,             0.61749,            0.030509,           0.0092373,             0.01059,            0.007822,            0.007822,            0.007822
                 134,            0.030119,            0.013701,           0.0075527,              0.9084,             0.89658,             0.91698,             0.62209,            0.030707,           0.0091747,            0.010737,           0.0078055,           0.0078055,           0.0078055
                 135,            0.030002,            0.013468,           0.0076041,             0.90678,             0.89337,             0.90926,             0.61387,            0.030931,            0.009353,             0.01109,            0.007789,            0.007789,            0.007789
                 136,             0.03003,            0.013568,           0.0077745,             0.91882,             0.88495,             0.91237,             0.61075,            0.031466,           0.0093854,            0.011383,           0.0077725,           0.0077725,           0.0077725
                 137,            0.030047,            0.013298,           0.0073971,             0.90052,             0.89567,             0.91327,             0.61955,            0.030632,           0.0091756,            0.010818,            0.007756,            0.007756,            0.007756
                 138,            0.030141,            0.013392,            0.007525,             0.92402,             0.88448,             0.90859,             0.61976,            0.030436,            0.009244,            0.010562,           0.0077395,           0.0077395,           0.0077395
                 139,            0.029788,            0.013819,           0.0071413,             0.91455,             0.89542,               0.919,             0.61854,            0.030706,           0.0091988,             0.01023,            0.007723,            0.007723,            0.007723
                 140,            0.030195,            0.013443,           0.0076798,             0.91049,             0.90891,             0.92422,             0.62896,            0.030829,           0.0092875,            0.010218,           0.0077065,           0.0077065,           0.0077065
                 141,            0.030325,            0.013932,           0.0076009,             0.90185,             0.90967,             0.92318,              0.6242,              0.0305,            0.009347,            0.010281,             0.00769,             0.00769,             0.00769
                 142,             0.03068,            0.013479,           0.0079831,             0.89777,             0.88914,             0.90985,             0.62246,            0.030543,           0.0092602,            0.010991,           0.0076735,           0.0076735,           0.0076735
                 143,            0.029959,            0.013611,           0.0082947,             0.90219,             0.90725,             0.91684,              0.6097,            0.031099,           0.0092243,             0.01025,            0.007657,            0.007657,            0.007657
                 144,            0.029856,            0.013546,           0.0077472,             0.91424,              0.8958,             0.91667,             0.61701,            0.030904,           0.0094023,            0.010789,           0.0076405,           0.0076405,           0.0076405
                 145,            0.029714,            0.013411,           0.0077601,             0.89659,             0.90591,             0.92926,             0.63228,            0.030511,           0.0091731,            0.010417,            0.007624,            0.007624,            0.007624
                 146,            0.030079,            0.013342,           0.0075515,             0.90954,             0.90544,             0.92633,             0.63265,            0.030238,           0.0091387,           0.0095129,           0.0076075,           0.0076075,           0.0076075
                 147,            0.030051,            0.013598,           0.0076994,             0.91743,             0.89944,             0.93343,             0.62483,            0.030727,           0.0092669,           0.0098203,            0.007591,            0.007591,            0.007591
                 148,            0.029956,            0.013858,           0.0076468,              0.8993,             0.90203,             0.91843,             0.62616,            0.030415,            0.009319,           0.0099369,           0.0075745,           0.0075745,           0.0075745
                 149,            0.029835,            0.013273,            0.007659,             0.90389,             0.90101,              0.9273,             0.62757,             0.03051,           0.0092824,           0.0092635,            0.007558,            0.007558,            0.007558
                 150,            0.029871,              0.0134,            0.008149,              0.9113,             0.90404,             0.91843,             0.62518,            0.030489,           0.0091674,            0.010031,           0.0075415,           0.0075415,           0.0075415
                 151,            0.030155,            0.013487,           0.0076014,             0.90078,             0.89539,              0.9135,             0.62398,            0.030824,           0.0091642,            0.009618,            0.007525,            0.007525,            0.007525
                 152,            0.029776,            0.013332,           0.0079209,             0.92803,             0.90074,             0.93055,             0.63792,            0.030414,           0.0092459,           0.0091079,           0.0075085,           0.0075085,           0.0075085
                 153,            0.029785,            0.013555,           0.0070348,             0.90669,             0.91616,             0.92599,              0.6275,            0.030586,           0.0092888,           0.0093791,            0.007492,            0.007492,            0.007492
                 154,            0.029541,            0.013556,           0.0075367,             0.91543,             0.88645,             0.91896,             0.62418,            0.030785,            0.009208,           0.0096932,           0.0074755,           0.0074755,           0.0074755
                 155,            0.029843,            0.013321,           0.0076232,             0.89741,             0.90342,             0.92718,             0.63036,            0.030795,           0.0092754,             0.00984,            0.007459,            0.007459,            0.007459
                 156,            0.030227,            0.013603,           0.0074177,              0.9142,              0.9046,             0.92066,             0.63204,             0.03026,           0.0091124,            0.009139,           0.0074425,           0.0074425,           0.0074425
                 157,            0.030108,            0.013416,           0.0073486,             0.90993,             0.90723,             0.92486,              0.6247,            0.030412,           0.0092338,            0.010181,            0.007426,            0.007426,            0.007426
                 158,            0.029806,            0.013581,           0.0079517,             0.90975,              0.8927,             0.92418,             0.62863,            0.030898,           0.0091445,             0.01024,           0.0074095,           0.0074095,           0.0074095
                 159,             0.03006,            0.013471,           0.0077441,             0.90449,             0.90496,             0.92342,              0.6316,            0.030547,           0.0091146,           0.0098255,            0.007393,            0.007393,            0.007393
                 160,            0.029757,             0.01326,            0.007881,             0.89887,              0.9172,             0.92598,             0.63587,            0.030494,           0.0091804,           0.0097439,           0.0073765,           0.0073765,           0.0073765
                 161,            0.029722,            0.013417,           0.0073575,             0.90566,             0.90665,             0.92303,             0.62594,            0.030446,           0.0092831,            0.010193,             0.00736,             0.00736,             0.00736
                 162,             0.02986,            0.013361,            0.007504,             0.89999,             0.90548,             0.92416,             0.63848,            0.030272,           0.0092239,            0.010139,           0.0073435,           0.0073435,           0.0073435
                 163,            0.029407,            0.013498,           0.0079107,              0.9063,             0.90607,              0.9246,              0.6302,            0.030648,           0.0092916,            0.010745,            0.007327,            0.007327,            0.007327
                 164,            0.029684,            0.013395,           0.0077747,             0.92111,             0.88606,               0.924,             0.62223,             0.03099,           0.0092583,            0.010378,           0.0073105,           0.0073105,           0.0073105
                 165,            0.029714,            0.013271,           0.0077502,             0.90323,             0.89075,             0.92778,             0.63612,             0.03027,           0.0090434,           0.0098058,            0.007294,            0.007294,            0.007294
                 166,            0.029751,            0.013523,           0.0070876,             0.92368,             0.88121,             0.92234,             0.62865,            0.030524,           0.0092564,            0.010432,           0.0072775,           0.0072775,           0.0072775
                 167,            0.029878,            0.013481,           0.0073363,             0.89656,             0.90961,             0.92528,             0.62605,            0.030453,           0.0092112,           0.0098303,            0.007261,            0.007261,            0.007261
                 168,            0.029606,            0.013282,            0.007404,             0.90155,             0.90326,             0.92486,             0.62894,            0.030635,           0.0092818,             0.01002,           0.0072445,           0.0072445,           0.0072445
                 169,             0.02963,            0.013343,           0.0074401,             0.89996,             0.90431,             0.92218,             0.63147,            0.030376,           0.0091845,           0.0098255,            0.007228,            0.007228,            0.007228
                 170,            0.029719,            0.013431,            0.007595,              0.9045,             0.89497,             0.91846,             0.62256,            0.030869,           0.0093072,            0.011319,           0.0072115,           0.0072115,           0.0072115
                 171,            0.029464,            0.013647,           0.0077424,             0.90602,               0.893,              0.9174,             0.62219,            0.030678,           0.0093342,            0.011023,            0.007195,            0.007195,            0.007195
                 172,            0.029863,            0.013427,           0.0072241,             0.90209,             0.89921,             0.91504,             0.62817,            0.030405,           0.0092039,            0.010449,           0.0071785,           0.0071785,           0.0071785
                 173,            0.030043,            0.013839,           0.0073211,               0.896,             0.90358,             0.92139,             0.62566,             0.03042,            0.009208,            0.010746,            0.007162,            0.007162,            0.007162
                 174,            0.029048,            0.013275,           0.0075531,             0.91418,             0.89807,             0.92841,             0.62542,            0.030907,           0.0092513,            0.010301,           0.0071455,           0.0071455,           0.0071455
                 175,            0.029014,            0.013541,           0.0069329,             0.90594,              0.8942,               0.922,             0.62848,            0.030461,           0.0092977,            0.010937,            0.007129,            0.007129,            0.007129
                 176,            0.029662,            0.013101,           0.0076999,             0.91961,             0.90642,             0.92679,             0.63104,            0.030114,           0.0091979,           0.0092577,           0.0071125,           0.0071125,           0.0071125
                 177,            0.029399,            0.013517,           0.0073323,             0.91264,              0.9127,             0.92618,             0.63384,            0.030291,           0.0091826,           0.0094126,            0.007096,            0.007096,            0.007096
                 178,             0.02929,            0.013231,           0.0073594,             0.91725,             0.88971,             0.92241,               0.633,            0.030406,           0.0091829,            0.010368,           0.0070795,           0.0070795,           0.0070795
                 179,            0.029328,            0.013751,           0.0073275,             0.90933,             0.88669,             0.91338,             0.63879,            0.029954,           0.0090961,            0.010852,            0.007063,            0.007063,            0.007063
                 180,            0.029292,            0.013545,            0.007364,             0.90751,             0.90106,             0.92565,             0.63441,             0.03059,           0.0091766,           0.0099442,           0.0070465,           0.0070465,           0.0070465
                 181,            0.029025,            0.013326,           0.0075436,             0.89413,               0.917,             0.92844,             0.63442,            0.030479,           0.0091518,           0.0093235,             0.00703,             0.00703,             0.00703
                 182,            0.029131,            0.013374,           0.0070734,             0.90083,              0.9049,             0.92401,             0.62798,            0.030446,           0.0092468,           0.0099152,           0.0070135,           0.0070135,           0.0070135
                 183,            0.029693,            0.013533,           0.0076381,             0.90219,             0.90772,             0.92331,             0.63306,            0.030514,           0.0091902,            0.010132,            0.006997,            0.006997,            0.006997
                 184,            0.029199,            0.013154,           0.0076952,             0.92116,             0.88604,             0.91981,             0.63346,            0.030311,           0.0091817,              0.0105,           0.0069805,           0.0069805,           0.0069805
                 185,            0.029365,            0.013163,           0.0070266,             0.90641,             0.90636,             0.92575,             0.63972,            0.030105,           0.0092402,            0.010037,            0.006964,            0.006964,            0.006964
                 186,             0.02943,            0.013221,           0.0071203,             0.89945,             0.91882,             0.92856,             0.62512,            0.030882,           0.0094242,           0.0094111,           0.0069475,           0.0069475,           0.0069475
                 187,             0.02914,            0.013536,            0.007192,             0.91257,              0.9064,             0.92716,             0.63211,            0.030255,           0.0092395,            0.010696,            0.006931,            0.006931,            0.006931
                 188,            0.029215,            0.013409,           0.0070188,             0.91316,             0.90717,             0.92395,             0.63428,            0.030352,           0.0092646,           0.0098463,           0.0069145,           0.0069145,           0.0069145
                 189,            0.029011,             0.01336,           0.0072373,             0.89493,             0.90397,              0.9195,             0.63217,            0.030565,            0.009299,            0.010095,            0.006898,            0.006898,            0.006898
                 190,            0.029163,            0.013344,           0.0069075,             0.90938,             0.90891,             0.92048,             0.63454,            0.030147,           0.0091807,           0.0098904,           0.0068815,           0.0068815,           0.0068815
                 191,            0.029152,            0.013463,           0.0071191,              0.9141,             0.90887,             0.91593,             0.63244,            0.030268,           0.0091807,            0.010547,            0.006865,            0.006865,            0.006865
                 192,            0.029204,            0.013297,           0.0071891,             0.90142,             0.90521,             0.92421,             0.63255,            0.030279,           0.0091937,           0.0099801,           0.0068485,           0.0068485,           0.0068485
                 193,            0.029246,             0.01335,           0.0075477,             0.90903,             0.90549,             0.92607,             0.62859,            0.030339,           0.0092691,           0.0095525,            0.006832,            0.006832,            0.006832
                 194,            0.029375,            0.013214,           0.0072916,             0.91738,              0.8964,             0.92022,             0.62342,            0.030372,           0.0093193,              0.0102,           0.0068155,           0.0068155,           0.0068155
                 195,            0.029041,             0.01332,           0.0069686,             0.91841,             0.88422,             0.91814,             0.63371,            0.030525,           0.0093307,            0.010928,            0.006799,            0.006799,            0.006799
                 196,            0.029226,            0.013193,           0.0069777,             0.90822,             0.89726,             0.92324,             0.63292,            0.029959,           0.0092026,            0.010635,           0.0067825,           0.0067825,           0.0067825
                 197,            0.029302,            0.013472,           0.0075675,             0.91167,             0.91326,             0.92857,             0.62882,            0.030258,           0.0093466,            0.010138,            0.006766,            0.006766,            0.006766
                 198,            0.028883,            0.013057,           0.0071736,             0.91193,             0.90024,             0.92502,             0.62803,             0.03011,           0.0092309,           0.0099589,           0.0067495,           0.0067495,           0.0067495
                 199,            0.028842,            0.013458,           0.0071333,             0.91959,             0.90037,             0.92196,             0.63303,            0.030177,           0.0092618,            0.010542,            0.006733,            0.006733,            0.006733
                 200,            0.029291,            0.013621,           0.0070554,             0.91775,             0.88978,             0.92175,             0.62916,            0.030131,           0.0092258,            0.010555,           0.0067165,           0.0067165,           0.0067165
                 201,            0.029372,            0.013397,           0.0069633,             0.90684,             0.89118,             0.91346,             0.62574,            0.030416,           0.0092389,            0.011758,              0.0067,              0.0067,              0.0067
                 202,            0.028875,            0.013563,           0.0070481,              0.9034,             0.89855,              0.9218,             0.62358,             0.03069,           0.0092125,            0.010682,           0.0066835,           0.0066835,           0.0066835
                 203,            0.029285,            0.013266,           0.0072698,             0.91461,             0.90039,             0.92415,             0.62951,            0.030477,           0.0091937,            0.010747,            0.006667,            0.006667,            0.006667
                 204,            0.029185,            0.013558,           0.0072118,             0.89652,             0.91454,             0.92484,              0.6357,            0.030331,           0.0092328,             0.01054,           0.0066505,           0.0066505,           0.0066505
                 205,            0.029271,            0.013459,           0.0068143,             0.91028,             0.91062,             0.92993,             0.63756,            0.030224,           0.0092128,            0.010029,            0.006634,            0.006634,            0.006634
                 206,            0.029332,            0.013196,           0.0070007,             0.91802,             0.88999,             0.92401,             0.62101,            0.030609,           0.0093199,              0.0108,           0.0066175,           0.0066175,           0.0066175
                 207,            0.029036,             0.01326,           0.0072433,             0.90726,             0.90148,             0.92168,             0.62354,            0.030434,           0.0093012,            0.011217,            0.006601,            0.006601,            0.006601
                 208,             0.02882,            0.013179,           0.0069943,              0.8984,             0.90671,             0.92247,             0.62632,            0.030569,           0.0093168,            0.011204,           0.0065845,           0.0065845,           0.0065845
                 209,            0.029053,            0.013119,           0.0071403,             0.91018,             0.89821,             0.91619,             0.62209,            0.030614,           0.0093053,              0.0115,            0.006568,            0.006568,            0.006568
                 210,             0.02912,            0.013336,           0.0068663,             0.91349,              0.9015,             0.92469,             0.63121,            0.030412,           0.0092332,            0.010991,           0.0065515,           0.0065515,           0.0065515
                 211,            0.029131,            0.013159,           0.0070502,             0.89697,              0.9134,             0.92707,              0.6325,            0.030422,           0.0092382,            0.010836,            0.006535,            0.006535,            0.006535
                 212,            0.029071,            0.013113,           0.0067773,             0.91547,             0.88813,             0.92238,             0.62807,            0.030305,           0.0092042,            0.010966,           0.0065185,           0.0065185,           0.0065185
                 213,            0.029242,            0.013315,           0.0074896,             0.88969,             0.89705,             0.92262,             0.63276,            0.029943,           0.0091667,            0.011423,            0.006502,            0.006502,            0.006502
                 214,            0.028525,            0.013357,           0.0071836,             0.89846,             0.89824,             0.92223,             0.63231,            0.030203,           0.0092131,            0.010933,           0.0064855,           0.0064855,           0.0064855
                 215,            0.028681,            0.013428,           0.0068973,             0.91152,             0.88751,              0.9247,             0.63274,            0.030328,           0.0092392,            0.010588,            0.006469,            0.006469,            0.006469
                 216,             0.02899,            0.013051,           0.0068537,             0.91495,             0.88198,             0.92045,             0.63015,            0.030485,            0.009298,            0.010882,           0.0064525,           0.0064525,           0.0064525
                 217,            0.029343,            0.013251,           0.0070074,             0.90601,             0.90041,             0.92275,             0.63331,            0.030333,            0.009222,            0.010869,            0.006436,            0.006436,            0.006436
                 218,            0.028738,            0.013101,           0.0072609,             0.90665,             0.90661,             0.92402,             0.63639,            0.030077,           0.0092096,            0.011145,           0.0064195,           0.0064195,           0.0064195
                 219,            0.028946,            0.013306,           0.0066133,             0.91567,             0.90691,             0.93027,             0.63816,            0.030252,           0.0092497,            0.010708,            0.006403,            0.006403,            0.006403
                 220,            0.029091,            0.012879,           0.0069932,              0.9089,             0.90615,             0.93109,             0.63411,             0.03011,           0.0091934,            0.010252,           0.0063865,           0.0063865,           0.0063865
                 221,            0.029053,            0.012955,           0.0068765,             0.89981,             0.90256,             0.92932,             0.63735,            0.029845,            0.009175,            0.010531,             0.00637,             0.00637,             0.00637
                 222,            0.028995,            0.013138,           0.0073339,             0.89682,             0.91408,             0.92973,             0.63265,            0.030148,           0.0092208,            0.010631,           0.0063535,           0.0063535,           0.0063535
                 223,            0.028607,            0.013255,           0.0071061,             0.90155,              0.8963,             0.93147,             0.62895,            0.030504,           0.0092719,            0.010432,            0.006337,            0.006337,            0.006337
                 224,            0.028716,            0.012934,           0.0066773,              0.8973,             0.91264,             0.92883,             0.63291,            0.030306,           0.0091801,            0.010098,           0.0063205,           0.0063205,           0.0063205
                 225,            0.028993,            0.013051,           0.0071825,              0.9127,             0.89543,             0.92479,             0.63248,            0.030188,           0.0091139,             0.01083,            0.006304,            0.006304,            0.006304
                 226,            0.028806,            0.013032,            0.007003,             0.90205,             0.90728,             0.93075,             0.63551,            0.030078,           0.0091826,            0.010384,           0.0062875,           0.0062875,           0.0062875
                 227,            0.028819,            0.013128,            0.006807,             0.89605,             0.90658,             0.93014,             0.63892,            0.030202,           0.0092322,            0.010161,            0.006271,            0.006271,            0.006271
                 228,            0.028666,            0.013099,           0.0069781,             0.90857,             0.90307,             0.92965,             0.63705,            0.029965,           0.0092436,            0.010201,           0.0062545,           0.0062545,           0.0062545
                 229,            0.029103,            0.012815,           0.0072816,             0.91699,              0.9106,             0.93007,             0.63671,            0.029941,           0.0092411,             0.01016,            0.006238,            0.006238,            0.006238
                 230,            0.028559,            0.013257,           0.0070458,             0.91321,             0.90207,             0.92474,             0.63954,            0.029922,           0.0091839,            0.010791,           0.0062215,           0.0062215,           0.0062215
                 231,            0.028681,            0.013272,           0.0067772,             0.91634,             0.91138,             0.92905,             0.64154,            0.029875,           0.0091718,            0.010418,            0.006205,            0.006205,            0.006205
                 232,            0.028624,            0.013308,           0.0069787,             0.89649,             0.90318,             0.92169,             0.63592,             0.02997,           0.0091511,            0.011155,           0.0061885,           0.0061885,           0.0061885
                 233,            0.028727,            0.013061,           0.0067835,              0.8972,             0.89921,             0.92794,             0.63771,            0.029941,           0.0090809,            0.010403,            0.006172,            0.006172,            0.006172
                 234,            0.028741,            0.013359,           0.0070256,             0.89818,             0.90594,              0.9322,             0.64338,             0.02985,           0.0091187,            0.010239,           0.0061555,           0.0061555,           0.0061555
                 235,            0.028321,            0.013085,           0.0068813,             0.89604,              0.9026,             0.92396,             0.63749,            0.029835,           0.0091581,            0.011011,            0.006139,            0.006139,            0.006139
                 236,            0.028461,            0.013247,           0.0069483,             0.90153,              0.8957,             0.92748,             0.63512,            0.030149,           0.0092411,            0.010952,           0.0061225,           0.0061225,           0.0061225
                 237,            0.028377,             0.01329,           0.0069524,             0.89208,             0.90537,             0.93065,             0.63282,            0.030263,           0.0092939,            0.010823,            0.006106,            0.006106,            0.006106
                 238,             0.02902,            0.013144,           0.0066096,             0.89348,             0.90602,             0.92594,             0.63023,            0.030114,            0.009215,            0.010838,           0.0060895,           0.0060895,           0.0060895
                 239,            0.028927,            0.013317,           0.0064364,             0.89543,             0.89782,             0.91972,             0.63035,            0.030068,           0.0091486,            0.011188,            0.006073,            0.006073,            0.006073
                 240,            0.029068,            0.013381,           0.0068096,             0.89784,             0.90506,             0.92323,             0.63092,             0.02997,           0.0091057,            0.010649,           0.0060565,           0.0060565,           0.0060565
                 241,             0.02863,            0.013093,           0.0066384,             0.89533,             0.90222,             0.91759,             0.62756,            0.029989,           0.0091352,            0.010812,             0.00604,             0.00604,             0.00604
                 242,             0.02849,            0.012973,           0.0068374,              0.9047,             0.89785,             0.91411,             0.62664,            0.030114,           0.0091829,             0.01134,           0.0060235,           0.0060235,           0.0060235
                 243,            0.028492,            0.012992,           0.0071342,             0.90644,             0.88339,             0.91388,             0.63124,            0.030043,           0.0091743,            0.011805,            0.006007,            0.006007,            0.006007
                 244,            0.028833,             0.01319,           0.0067225,             0.90501,             0.88972,              0.9203,             0.63426,            0.029805,           0.0091499,            0.011212,           0.0059905,           0.0059905,           0.0059905
                 245,            0.029042,            0.013146,           0.0067983,             0.90935,             0.89489,             0.92471,             0.63715,            0.029719,           0.0091597,            0.010735,            0.005974,            0.005974,            0.005974
                 246,            0.028256,            0.013146,           0.0064396,             0.90882,             0.89997,             0.92284,             0.63704,            0.030023,           0.0091858,            0.010992,           0.0059575,           0.0059575,           0.0059575
                 247,            0.028621,            0.013212,           0.0064908,              0.8882,             0.90759,             0.91822,             0.63245,             0.02992,           0.0091546,            0.011868,            0.005941,            0.005941,            0.005941
                 248,            0.028604,            0.013054,           0.0065958,             0.90596,             0.88719,             0.91958,             0.63308,            0.029831,           0.0091604,            0.011529,           0.0059245,           0.0059245,           0.0059245
                 249,            0.028484,             0.01341,           0.0068392,             0.89765,              0.9064,             0.92372,             0.63262,            0.029871,           0.0092119,            0.011214,            0.005908,            0.005908,            0.005908
                 250,            0.028282,            0.013439,           0.0066916,              0.9003,             0.90832,             0.92359,             0.63052,            0.029726,           0.0091915,            0.010669,           0.0058915,           0.0058915,           0.0058915
                 251,            0.028464,            0.013317,           0.0065883,             0.89721,             0.91081,             0.92077,             0.63722,            0.029628,           0.0091613,            0.010628,            0.005875,            0.005875,            0.005875
                 252,            0.028265,             0.01309,            0.006668,             0.89611,             0.90673,             0.91917,             0.63272,            0.029929,           0.0091966,            0.011232,           0.0058585,           0.0058585,           0.0058585
                 253,            0.028527,            0.013191,           0.0069905,             0.90223,             0.90295,             0.92176,             0.63716,            0.029961,           0.0092274,            0.011029,            0.005842,            0.005842,            0.005842
                 254,            0.028182,            0.013038,           0.0066573,             0.90184,             0.91401,             0.92896,             0.63759,            0.029996,           0.0092045,            0.010515,           0.0058255,           0.0058255,           0.0058255
                 255,             0.02828,            0.012783,            0.006827,             0.90104,             0.91509,              0.9308,             0.63944,            0.029916,           0.0091674,            0.010401,            0.005809,            0.005809,            0.005809
                 256,            0.028684,            0.013248,           0.0066076,             0.90271,             0.91335,             0.92823,             0.63749,            0.029736,           0.0092087,            0.010711,           0.0057925,           0.0057925,           0.0057925
                 257,            0.028253,            0.012981,           0.0064774,             0.89568,             0.90233,              0.9209,             0.63001,            0.030026,           0.0092602,            0.010988,            0.005776,            0.005776,            0.005776
                 258,            0.028472,            0.012967,            0.006725,             0.89635,             0.89449,             0.91667,             0.62551,            0.030147,            0.009291,            0.011491,           0.0057595,           0.0057595,           0.0057595
                 259,             0.02846,            0.013193,           0.0069235,              0.8949,             0.89782,              0.9202,             0.62981,            0.029909,           0.0092252,            0.011233,            0.005743,            0.005743,            0.005743
                 260,            0.028352,            0.013105,           0.0064607,             0.88424,             0.91344,             0.91981,             0.62728,            0.030009,           0.0092284,            0.010786,           0.0057265,           0.0057265,           0.0057265
                 261,            0.028174,            0.012756,           0.0069841,             0.90758,              0.8981,             0.92005,             0.63058,            0.029978,           0.0092246,             0.01056,             0.00571,             0.00571,             0.00571
                 262,            0.028496,            0.012869,           0.0068212,             0.88666,             0.91177,             0.91702,             0.62863,            0.029941,           0.0092093,            0.010568,           0.0056935,           0.0056935,           0.0056935
                 263,            0.028804,            0.012899,           0.0067773,             0.89466,             0.91207,              0.9205,             0.62947,            0.029799,           0.0091988,            0.010713,            0.005677,            0.005677,            0.005677
                 264,            0.028142,            0.013024,           0.0067133,             0.90619,             0.90046,             0.92039,             0.62933,            0.029941,           0.0091553,            0.010824,           0.0056605,           0.0056605,           0.0056605
                 265,            0.028264,            0.012942,           0.0065449,             0.88674,               0.901,             0.91763,             0.62997,            0.029842,           0.0091407,            0.011251,            0.005644,            0.005644,            0.005644
                 266,            0.028224,             0.01286,           0.0065975,             0.89059,             0.90889,             0.91806,              0.6306,            0.029833,           0.0091578,            0.011252,           0.0056275,           0.0056275,           0.0056275
                 267,               0.028,             0.01267,           0.0062263,                 0.9,             0.90332,              0.9213,             0.63362,            0.029874,           0.0091588,            0.011123,            0.005611,            0.005611,            0.005611
                 268,            0.028217,            0.012984,           0.0064813,             0.90183,             0.89827,             0.92132,             0.62914,            0.029913,            0.009201,            0.011236,           0.0055945,           0.0055945,           0.0055945
                 269,            0.028019,            0.013246,           0.0063364,              0.9054,             0.88664,             0.92059,             0.63025,            0.029942,           0.0091985,            0.011121,            0.005578,            0.005578,            0.005578
                 270,            0.028367,            0.013016,           0.0067451,             0.90509,             0.87917,             0.91818,              0.6307,            0.029738,           0.0091934,            0.011544,           0.0055615,           0.0055615,           0.0055615
                 271,            0.028304,            0.013101,            0.006322,             0.89226,             0.89408,             0.91858,             0.63383,            0.029787,           0.0091763,            0.011545,            0.005545,            0.005545,            0.005545
                 272,            0.028415,            0.013159,           0.0062699,              0.8952,             0.89011,             0.91916,             0.63379,            0.029826,           0.0091941,            0.011306,           0.0055285,           0.0055285,           0.0055285
                 273,            0.028309,            0.012851,           0.0066327,             0.91417,             0.88983,             0.92591,             0.63549,            0.029891,           0.0091902,            0.010611,            0.005512,            0.005512,            0.005512
                 274,             0.02785,            0.012693,           0.0065826,             0.90787,             0.90007,             0.92615,             0.63567,            0.029903,           0.0092077,            0.010581,           0.0054955,           0.0054955,           0.0054955
                 275,            0.028569,            0.012954,           0.0065306,              0.9012,             0.90469,             0.92755,             0.63732,            0.029822,            0.009113,            0.010458,            0.005479,            0.005479,            0.005479
                 276,            0.028282,            0.013098,           0.0064551,              0.9099,             0.90559,             0.92852,             0.63769,            0.029677,           0.0090561,            0.010179,           0.0054625,           0.0054625,           0.0054625
                 277,            0.027972,            0.013048,           0.0066004,             0.89553,             0.92017,             0.92796,             0.64086,             0.02956,           0.0091095,            0.010563,            0.005446,            0.005446,            0.005446
                 278,            0.027957,            0.012953,           0.0067996,             0.90192,             0.91474,             0.92701,             0.63741,            0.029625,           0.0091283,             0.01047,           0.0054295,           0.0054295,           0.0054295
                 279,            0.028011,            0.012666,           0.0065628,             0.90008,             0.91581,             0.92663,             0.63817,            0.029852,           0.0091861,            0.010697,            0.005413,            0.005413,            0.005413
                 280,            0.027938,            0.012927,           0.0066601,             0.90141,             0.91006,             0.92627,             0.63807,            0.029759,           0.0091718,            0.010846,           0.0053965,           0.0053965,           0.0053965
                 281,            0.028143,            0.012975,           0.0065133,             0.91191,             0.90956,             0.92418,             0.63739,            0.029759,           0.0091788,            0.011048,             0.00538,             0.00538,             0.00538
                 282,            0.027774,            0.012787,            0.006613,             0.90651,             0.91566,             0.92708,              0.6355,            0.029952,           0.0092112,            0.010974,           0.0053635,           0.0053635,           0.0053635
                 283,            0.028276,            0.012967,           0.0069768,              0.9014,             0.91743,             0.93037,             0.63794,            0.029925,           0.0091969,            0.010383,            0.005347,            0.005347,            0.005347
                 284,            0.028005,               0.013,           0.0064542,             0.90382,              0.9215,              0.9304,             0.64122,            0.029859,           0.0091858,            0.010596,           0.0053305,           0.0053305,           0.0053305
                 285,            0.027967,            0.013132,           0.0060739,             0.90369,             0.91711,             0.92894,              0.6398,             0.02992,           0.0092185,            0.010544,            0.005314,            0.005314,            0.005314
                 286,            0.028005,            0.012893,           0.0061997,             0.90247,             0.91986,             0.92785,             0.63822,            0.029718,           0.0091801,            0.010664,           0.0052975,           0.0052975,           0.0052975
                 287,            0.027981,            0.013072,            0.006317,             0.90867,             0.91933,             0.92869,             0.63629,              0.0297,           0.0091604,             0.01075,            0.005281,            0.005281,            0.005281
                 288,            0.027831,            0.012873,           0.0066029,              0.9069,             0.91304,             0.92696,             0.63631,            0.029831,           0.0091502,            0.010897,           0.0052645,           0.0052645,           0.0052645
                 289,            0.028201,            0.012875,           0.0064615,             0.90959,             0.91189,              0.9241,             0.63544,              0.0298,           0.0091464,            0.010925,            0.005248,            0.005248,            0.005248
                 290,            0.028095,            0.012989,           0.0063646,             0.90481,             0.91236,             0.92484,             0.63635,            0.029854,           0.0091241,            0.010541,           0.0052315,           0.0052315,           0.0052315
                 291,            0.027897,            0.013002,            0.006559,             0.90208,             0.90845,             0.92077,               0.635,            0.029931,            0.009168,            0.010924,            0.005215,            0.005215,            0.005215
                 292,            0.028037,            0.012991,           0.0064104,             0.89162,             0.90982,             0.92042,             0.63266,            0.029883,           0.0091928,            0.011144,           0.0051985,           0.0051985,           0.0051985
                 293,            0.028145,            0.013125,            0.006496,             0.88895,             0.90413,             0.92354,             0.63493,            0.029843,           0.0091925,            0.010763,            0.005182,            0.005182,            0.005182
                 294,            0.027623,            0.012983,           0.0062693,             0.90071,             0.89357,             0.92235,               0.632,            0.029773,            0.009244,            0.011033,           0.0051655,           0.0051655,           0.0051655
                 295,            0.027647,            0.013041,           0.0063114,             0.90068,             0.90508,             0.92046,             0.63227,            0.029719,           0.0092704,            0.011044,            0.005149,            0.005149,            0.005149
                 296,            0.027956,            0.012974,           0.0065168,             0.89154,             0.90955,             0.92448,             0.63434,            0.029691,           0.0092395,            0.011017,           0.0051325,           0.0051325,           0.0051325
                 297,             0.02763,            0.012883,           0.0066464,             0.88958,             0.91241,             0.92412,             0.63209,            0.029792,           0.0092246,            0.010875,            0.005116,            0.005116,            0.005116
                 298,            0.027713,            0.012995,           0.0059872,             0.90891,             0.89819,             0.92616,             0.63286,            0.029857,           0.0092417,            0.010799,           0.0050995,           0.0050995,           0.0050995
                 299,            0.027901,            0.012828,           0.0060957,             0.90095,             0.90564,             0.92701,             0.63372,             0.02982,           0.0092424,            0.010709,            0.005083,            0.005083,            0.005083
                 300,            0.027538,            0.012647,           0.0063895,             0.90824,              0.9038,             0.92822,             0.63316,            0.029882,           0.0092389,            0.010496,           0.0050665,           0.0050665,           0.0050665
                 301,            0.027797,            0.012919,           0.0064342,             0.89989,             0.91379,             0.92665,             0.63435,            0.029781,           0.0092169,             0.01051,             0.00505,             0.00505,             0.00505
                 302,            0.027714,            0.012735,           0.0059855,             0.90775,             0.91353,             0.92851,             0.63738,            0.029809,           0.0092433,             0.01067,           0.0050335,           0.0050335,           0.0050335
                 303,             0.02776,            0.012739,           0.0061579,             0.90629,             0.90735,             0.92465,             0.63407,            0.030015,           0.0092971,            0.010908,            0.005017,            0.005017,            0.005017
                 304,            0.027697,             0.01324,           0.0060328,             0.90121,             0.91561,             0.92679,             0.63574,            0.029944,           0.0092751,            0.010814,           0.0050005,           0.0050005,           0.0050005
                 305,            0.027857,            0.012999,           0.0066686,             0.90461,             0.91579,             0.92885,             0.63357,            0.029988,           0.0092853,            0.010865,            0.004984,            0.004984,            0.004984
                 306,            0.027653,            0.013027,            0.006322,             0.91063,             0.91134,             0.92741,             0.63295,            0.029978,           0.0092815,            0.010822,           0.0049675,           0.0049675,           0.0049675
                 307,            0.027902,            0.012656,           0.0059113,             0.90559,             0.91444,             0.92889,             0.63301,            0.030061,           0.0092738,             0.01047,            0.004951,            0.004951,            0.004951
                 308,            0.027478,             0.01293,            0.006239,             0.90661,             0.91164,             0.92672,             0.63193,            0.030029,            0.009277,            0.010461,           0.0049345,           0.0049345,           0.0049345
                 309,            0.027674,            0.012787,           0.0059757,             0.90302,             0.90644,             0.92575,             0.63043,            0.029997,            0.009284,            0.010484,            0.004918,            0.004918,            0.004918
                 310,            0.027641,            0.013137,           0.0059621,             0.90336,              0.9046,             0.92309,              0.6303,            0.029913,           0.0092688,            0.010678,           0.0049015,           0.0049015,           0.0049015
                 311,            0.027339,             0.01277,           0.0058441,              0.9014,             0.91012,             0.92356,             0.63246,            0.029858,           0.0092767,            0.010668,            0.004885,            0.004885,            0.004885
                 312,            0.027769,            0.012822,           0.0060486,              0.9013,             0.89838,             0.92263,             0.63187,            0.029889,           0.0093082,            0.010728,           0.0048685,           0.0048685,           0.0048685
                 313,            0.027462,            0.012871,           0.0060611,             0.89363,             0.90469,             0.92436,             0.63422,            0.029843,           0.0092932,            0.010397,            0.004852,            0.004852,            0.004852
                 314,            0.027574,            0.013048,           0.0063529,             0.90272,             0.89873,             0.92403,             0.63302,            0.029705,           0.0092684,            0.010445,           0.0048355,           0.0048355,           0.0048355
                 315,             0.02786,            0.013197,           0.0062422,             0.90187,             0.90364,             0.92624,             0.63795,            0.029518,           0.0092424,            0.010306,            0.004819,            0.004819,            0.004819
                 316,            0.027554,            0.012641,           0.0061285,             0.89595,             0.90478,             0.92386,             0.63527,            0.029598,           0.0092475,            0.010528,           0.0048025,           0.0048025,           0.0048025
                 317,            0.027657,            0.013038,           0.0063468,             0.89682,             0.90503,             0.92504,             0.63629,            0.029604,           0.0092468,            0.010931,            0.004786,            0.004786,            0.004786
                 318,            0.027814,            0.012723,           0.0061535,             0.89423,             0.90136,             0.92136,             0.63594,            0.029591,           0.0092475,            0.011027,           0.0047695,           0.0047695,           0.0047695
                 319,            0.027418,            0.013033,           0.0064542,             0.89424,             0.90323,             0.92087,             0.63715,            0.029653,           0.0092468,            0.010958,            0.004753,            0.004753,            0.004753
                 320,            0.027317,            0.012875,           0.0064086,             0.89638,             0.90234,             0.92112,              0.6391,             0.02961,           0.0092529,            0.011135,           0.0047365,           0.0047365,           0.0047365
                 321,            0.027802,             0.01279,           0.0062081,             0.89798,             0.90294,             0.91893,             0.63492,            0.029736,           0.0092713,            0.011174,             0.00472,             0.00472,             0.00472
                 322,            0.027515,            0.012512,           0.0059789,             0.89414,             0.90353,             0.92028,             0.63413,            0.029759,           0.0092907,            0.011087,           0.0047035,           0.0047035,           0.0047035
                 323,            0.027649,            0.012772,           0.0061825,             0.89918,             0.89859,              0.9201,             0.63532,            0.029747,           0.0092853,            0.011074,            0.004687,            0.004687,            0.004687
                 324,            0.027642,            0.012783,           0.0060849,             0.90239,             0.89957,             0.91905,               0.635,            0.029665,           0.0092704,            0.011256,           0.0046705,           0.0046705,           0.0046705
                 325,            0.027472,            0.013042,           0.0058344,             0.90022,             0.90104,             0.91941,             0.63444,            0.029793,           0.0092659,             0.01123,            0.004654,            0.004654,            0.004654
                 326,             0.02745,            0.012542,           0.0060108,             0.89886,             0.90104,             0.91998,             0.63504,            0.029734,           0.0092694,            0.011134,           0.0046375,           0.0046375,           0.0046375
                 327,            0.027319,            0.012856,            0.006223,             0.89697,             0.90038,             0.91698,             0.63438,             0.02978,           0.0092653,            0.011187,            0.004621,            0.004621,            0.004621
                 328,            0.027539,            0.012851,           0.0062318,             0.89589,             0.89485,             0.91689,              0.6345,             0.02971,           0.0092551,            0.011055,           0.0046045,           0.0046045,           0.0046045
                 329,            0.027493,            0.012918,           0.0063462,             0.90107,             0.89846,             0.92035,             0.63543,            0.029635,           0.0092475,             0.01084,            0.004588,            0.004588,            0.004588
                 330,            0.027453,             0.01282,           0.0060925,             0.89696,             0.90962,             0.92335,              0.6349,            0.029699,            0.009258,            0.010656,           0.0045715,           0.0045715,           0.0045715
                 331,            0.027573,            0.012611,           0.0059109,             0.89164,             0.90848,             0.92032,             0.63368,            0.029791,           0.0092373,            0.010607,            0.004555,            0.004555,            0.004555
                 332,            0.027446,             0.01294,           0.0059084,             0.89337,             0.91377,             0.92171,             0.63292,            0.029721,           0.0092618,            0.010622,           0.0045385,           0.0045385,           0.0045385
                 333,            0.027469,            0.012969,           0.0063156,             0.89328,             0.91097,             0.92042,             0.63349,            0.029663,           0.0092777,            0.010651,            0.004522,            0.004522,            0.004522
                 334,            0.027372,            0.012761,           0.0059918,             0.88964,              0.9103,             0.91868,             0.63294,             0.02953,           0.0092634,            0.010686,           0.0045055,           0.0045055,           0.0045055
